{"cameraMode":{"drawMode":0,"name":"Shaded","section":"Shading Mode"},"sceneLighting":true,"audioPlay":false,"sceneViewState":{"m_AlwaysRefresh":false,"showFog":true,"showSkybox":true,"showFlares":true,"showImageEffects":true,"showParticleSystems":true,"showVisualEffectGraphs":true,"m_FxEnabled":true},"in2DMode":false,"pivot":{"x":-185.7946319580078,"y":8.138627052307129,"z":-249.04881286621095},"rotation":{"x":-0.28444454073905947,"y":0.1012902557849884,"z":-0.026739981025457383,"w":-0.9527120590209961},"size":0.000017320508050033823,"orthographic":false}