{"cameraMode":{"drawMode":0,"name":"Shaded","section":"Shading Mode"},"sceneLighting":true,"audioPlay":false,"sceneViewState":{"m_AlwaysRefresh":false,"showFog":true,"showSkybox":true,"showFlares":true,"showImageEffects":true,"showParticleSystems":true,"showVisualEffectGraphs":true,"m_FxEnabled":true},"in2DMode":false,"pivot":{"x":54.30503845214844,"y":18.162086486816408,"z":-79.26431274414063},"rotation":{"x":0.19657087326049806,"y":0.1203349381685257,"z":-0.027116382494568826,"w":0.9724571108818054},"size":37.175174713134769,"orthographic":false}