{"cameraMode":{"drawMode":0,"name":"Shaded","section":"Shading Mode"},"sceneLighting":true,"audioPlay":false,"sceneViewState":{"m_AlwaysRefresh":false,"showFog":true,"showSkybox":true,"showFlares":true,"showImageEffects":true,"showParticleSystems":true,"showVisualEffectGraphs":true,"m_FxEnabled":true},"in2DMode":false,"pivot":{"x":-144.6067657470703,"y":202.03038024902345,"z":-315.27899169921877},"rotation":{"x":0.2126874327659607,"y":0.11545631289482117,"z":-0.02837216854095459,"w":0.9696135520935059},"size":0.000017320508050033823,"orthographic":false}